Name,Description
John Doe,"John is an experienced trader specializing in commodities futures. He has a proven track record of predicting market trends and maximizing profits. His portfolio includes investments in gold, silver, and oil futures."
Sarah Smith,"Sarah is a day trader with a focus on technology stocks. She is known for her quick decision-making and ability to capitalize on short-term market fluctuations. Her portfolio consists of high-growth tech companies like Amazon, Apple, and Tesla."
Michael Johnson,"Michael is a forex trader who excels in currency pairs trading. He has a deep understanding of global economic trends and geopolitical events, allowing him to make informed trading decisions. His portfolio includes major currency pairs such as EUR/USD, GBP/USD, and USD/JPY."
Emily Chang,"Emily is an options trader specializing in equity options. She employs advanced strategies like straddles and iron condors to profit from volatility in the stock market. Her portfolio includes options contracts from various sectors like healthcare, finance, and technology."
David Lee,"David is a cryptocurrency enthusiast and trader. He has been involved in the crypto space since its early days and has a diverse portfolio of digital assets, including Bitcoin, Ethereum, and decentralized finance (DeFi) tokens."
Jessica Brown,"Jessica is a value investor who focuses on undervalued stocks with strong fundamentals. She conducts thorough research and analysis to identify potential opportunities in the market. Her portfolio consists of blue-chip companies with long-term growth potential."
Kevin Wang,"Kevin is a quantitative trader who utilizes algorithmic trading strategies to execute trades automatically. He has a background in mathematics and computer science, allowing him to develop sophisticated trading algorithms. His portfolio includes a mix of equities, futures, and options."
Amanda Garcia,"Amanda is a socially responsible investor who integrates environmental, social, and governance (ESG) factors into her investment decisions. She seeks to generate positive impact alongside financial returns. Her portfolio includes companies with sustainable practices and ethical values."
Daniel Kim,"Daniel is a day trader specializing in the foreign exchange market. He thrives in high-volatility environments and uses technical analysis to identify short-term trading opportunities. His portfolio primarily consists of major currency pairs and exotic currency pairs."
Rachel Miller,"Rachel is a swing trader who focuses on stocks with strong momentum and trend patterns. She aims to capture short- to medium-term price movements by analyzing technical indicators and chart patterns. Her portfolio includes growth stocks and sector-specific ETFs."
